QDOBA Mexican Eats"4"1625 28th St Ste 401, Boulder, CO 80301, USA"0.6880811671832401
Illegal Pete's Pearl St. Mall"4.5"1447 Pearl St, Boulder, CO 80302, USA"0.5055029441734804
Taco Bell Cantina"3.3"1155 13th St, Boulder, CO 80301, USA"0.5494952931005571
Rio Grande Mexican Restaurant"4.1"1101 Walnut St, Boulder, CO 80302, USA"0.8187507401179008
Rincon Del Sol"4.2"6606, 2350 Arapahoe Ave, Boulder, CO 80302, United States"0.3793724551605325
Centro Mexican Kitchen"4.1"950 Pearl St, Boulder, CO 80302, USA"0.9341374289528379
Cafe Mexicali"4.4"2850 Baseline Rd, Boulder, CO 80303, USA"0.9341005663467055
Santo"4.6"1265 Alpine Ave, Boulder, CO 80304, USA"0.8577783048421744
Chipotle Mexican Grill"4.3"919 Pearl St, Boulder, CO 80302, USA"0.993645170795799
Illegal Pete's on The Hill"4.5"1124 13th St, Boulder, CO 80302, USA"0.517506762432201
Wahoo's Fish Taco"4.4"2790 Pearl St, Boulder, CO 80302, USA"0.7076358771094688
Santiago's Mexican Restaurant"3.9"1325 Broadway #105, Boulder, CO 80302, USA"0.5668432399297192
Pica's Boulder Mexican Taqueria"4.4"5360 Arapahoe Ave f, Boulder, CO 80303, USA"2.8652214149350943
Tahona Tequila Bistro"4.3"1035 Pearl St, Boulder, CO 80302, USA"0.8978230285832218
Verde Boulder"4.4"3070 28th St, Boulder, CO 80301, USA"0.8217340429366581
Lonchera Los Paisas"4.8"1750 15th St, Boulder, CO 80302, USA"0.3882852591629222
Coronados Mexican Food"4.1"7940 Sheridan Boulevard, Arvada, CO 80003, USA"15.26863754925328
T/aco"4.4"1175 Walnut St, Boulder, CO 80302, USA"0.7636886999984616
Chipotle Mexican Grill"4.1"1650 28th St UNIT 1224, Boulder, CO 80301, USA"0.7653375018411261
McDevitt Taco Supply"4.8"4800 Baseline Rd Ste C 110, Boulder, CO 80303, USA"2.4639565978644864
