Brooklyn Pizza"4.3"1647 Arapahoe Ave, Boulder, CO 80302, USA"0.2655504371604027
Cosmo's Pizza"4.4"1325 Broadway #108, Boulder, CO 80302, USA"0.552030382336424
Cosmo’s Pizza"4.6"3117 28th St, Boulder, CO 80301, USA"0.7632035528159073
Cosmo's Pizza"4.3"659 30th St, Boulder, CO 80303, USA"1.107803553417301
Boss Lady Pizza"4.4"1129 13th St, Boulder, CO 80302, USA"0.5437597190565091
Papa John's Pizza"2.8"3054 28th St, Boulder, CO 80301, USA"0.8018361285080435
Domino's Pizza"3.8"2425 Canyon Blvd Ste B, Boulder, CO 80302, USA"0.5187425163214346
Pizzeria Locale"4.5"1730 Pearl St, Boulder, CO 80302, USA"0.25363934997017146
Backcountry Pizza & Tap House"4.3"2319 Arapahoe Ave, Boulder, CO 80302, USA"0.3403175733583793
Pizza Colore"4.2"1336 Pearl St, Boulder, CO 80302, USA"0.603812224273672
Marco's Pizza"4.1"459 McCaslin Blvd, Louisville, CO 80027, USA"7.30377806706419
Audrey Jane's Pizza Garage"4.6"2675 13th St, Boulder, CO 80304, USA"0.8264566351306227
Domino's Pizza"4"956 W Cherry St, Louisville, CO 80027, USA"7.447126570377566
Nick-N-Willy's Pizza"4.2"801 Pearl St, Boulder, CO 80302, USA"1.099666694483094
PizzaRev"4"1650 28th St, Boulder, CO 80302, USA"0.7705890572427906
Street Legal Pizza Boulder"4"3060 Pearl Pkwy #112, Boulder, CO 80301, USA"1.1619512162318817
California Pizza Kitchen"3.9"1711 29th St., Unit 1180, 29th St, Boulder, CO 80301, United States"0.8178416265580976
Papa Murphy's Take 'N' Bake Pizza"4.1"3325 28th St #8, Boulder, CO 80301, USA"0.678009290915132
Proto's Pizza-North Boulder - Broadway"4.3"4670 North Broadway, Boulder, CO 80304, USA"1.1711548478963327
Pizza Hut Express"2.5"2800 Pearl St, Boulder, CO 80301, USA"0.913489074263734
