The Sink"American"4.4"1165 13th St, Boulder, CO 80302, USA"40.0086"-105.276
Oak"American"4.6"1400 Pearl St, Boulder, CO 80302, USA"40.0182"-105.277
Riffs Urban Fare"American"4.5"1115 Pearl St, Boulder, CO 80302, USA"40.0178"-105.281
SALT"American"4.3"1047 Pearl St, Boulder, CO 80302, USA"40.0177"-105.282
The West End Tavern"American"4.4"926 Pearl St, Boulder, CO 80302, USA"40.0171"-105.283
Next Door | Boulder"American"4.4"1039 Pearl St, Boulder, CO 80302, USA"40.0178"-105.282
The Kitchen"American"4.5"1039 Pearl St, Boulder, CO 80302, USA"40.0178"-105.282
Fat Shack"American"3.8"1110 13th St, Boulder, CO 80302, USA"40.0076"-105.276
Canyons Restaurant & Bar"American"2.8"2660 Canyon Blvd, Boulder, CO 80302, USA"40.0164"-105.26
The Boulder Cork"American"4.5"3295 30th St, Boulder, CO 80301, USA"40.0346"-105.254
Spruce Farm & Fish"American"4.1"2115 13th St, Boulder, CO 80302, USA"40.0195"-105.279
River and Woods"American"4.6"2328 Pearl St, Boulder, CO 80302, USA"40.0208"-105.265
Mustard's Last Stand"American"4.4"1719 Broadway, Boulder, CO 80302, USA"40.0144"-105.279
Modern Market Eatery"American"4.3"1600 28th St Unit 1212, Boulder, CO 80301, USA"40.0156"-105.258
The Buff"American"4.5"2600 Canyon Blvd, Boulder, CO 80302, USA"40.0171"-105.26
BJ's Restaurant & Brewhouse"American"3.9"1690 28th St, Boulder, CO 80301, USA"40.0177"-105.258
Eureka!"American"4.3"1048 Pearl St, Boulder, CO 80302, USA"40.0172"-105.282
Good Times Burgers & Frozen Custard"American"4.2"2050 26th St, Boulder, CO 80302, USA"40.0225"-105.261
Arcana"American"4.6"909 Walnut St, Boulder, CO 80302, USA"40.0163"-105.283
The Roadhouse Boulder Depot"American"4.2"2366 Junction Pl, Boulder, CO 80301, USA"40.0249"-105.251
Flower Pepper Restaurant - Authentic Chinese Home Cooking"Chinese"4.2"2655 Broadway, Boulder, CO 80304, USA"40.025"-105.282
Panda Express"Chinese"3.6"2100 28th St, Boulder, CO 80301, USA"40.0239"-105.258
Zoe Ma Ma"Chinese"4.3"2010 10th St, Boulder, CO 80302, USA"40.0176"-105.283
Haoway Chinese Cafe"Chinese"4"1678 30th St, Boulder, CO 80301, USA"40.0163"-105.253
Jin Chan Zhang Restaurant"Chinese"3.9"2835 28th St, Boulder, CO 80301, USA"40.028"-105.259
Tsing Tao"Chinese"4"607 S Broadway suite a, Boulder, CO 80305, USA"39.984"-105.251
Pei Wei"Chinese"3.6"1675 29th St Suite 1284, Boulder, CO 80301, USA"40.0163"-105.257
Oriental Cafe"Chinese"2.8"6201, 1305 Broadway, Boulder, CO 80302, United States"40.0097"-105.277
May Wah"Chinese"4.3"2500 Baseline Rd, Boulder, CO 80305, USA"39.9987"-105.262
Panda Express"Chinese"3.4"University Of Colorado, Boulder, CO 80309, USA"40.0068"-105.271
Golden Sun Chinese Restaurant"Chinese"3.3"1635 28th St, Boulder, CO 80301, USA"40.0154"-105.259
China Gourmet"Chinese"4.3"3970 North Broadway #102, Boulder, CO 80304, USA"40.0474"-105.28
Panda Express"Chinese"3.3"301 Center Dr, Superior, CO 80027, USA"39.9579"-105.169
Spice China"Chinese"4"269 McCaslin Blvd, Louisville, CO 80027, USA"39.9678"-105.164
Tibet Kitchen"Chinese"4.5"2359 Arapahoe Ave, Boulder, CO 80303, USA"40.0149"-105.263
Heaven Dragon Chinese Restaurant"Chinese"4.4"16255 W 64th Ave #14, Arvada, CO 80007, USA"39.8137"-105.182
Ting's Place"Chinese"4.2"1265 S Public Rd, Lafayette, CO 80026, USA"39.9881"-105.091
China 88 Best Chinese restaurant"Chinese"4.1"1600 Hover St, Longmont, CO 80501, USA"40.1874"-105.129
Emperor Palace"Chinese"4"6700 W 120th Ave, Broomfield, CO 80020, USA"39.9139"-105.071
Colorado Wok"Chinese"3.9"385 Crossing Dr #109, Lafayette, CO 80026, USA"40.0012"-105.101
Jaipur Indian Restaurant"Indian"4.2"1214 Walnut St, Boulder, CO 80302, USA"40.0168"-105.279
Curry N Kebob"Indian"4.5"3050 28th St, Boulder, CO 80301, USA"40.0301"-105.258
The Taj - Indian Cuisine"Indian"4.4"2630 Baseline Rd, Boulder, CO 80305, USA"39.9998"-105.261
Gurkhas On the Hill"Indian"4.3"1310 College Ave #230, Boulder, CO 80302, USA"40.0071"-105.276
Tadka Indian Cuisine"Indian"4.8"5290 Arapahoe Ave B, Boulder, CO 80303, USA"40.0142"-105.229
Roxie's Tacos"Indian"4.7"1135 Broadway, Boulder, CO 80302, USA"40.0081"-105.276
Tandoori Grill"Indian"4.5"619 S Broadway, Boulder, CO 80305, USA"39.9845"-105.25
Kathmandu Restaurant II"Indian"4.3"1964 28th St, Boulder, CO 80301, USA"40.0212"-105.258
Sherpa Restaurant"Indian"4.5"825 Walnut St, Boulder, CO 80302, USA"40.0161"-105.284
Mount Everest Cuisine"Indian"4.6"4800 Baseline Rd A-107, Boulder, CO 80303, USA"39.998"-105.233
Taj Mahal 3 Restaurant & Bar"Indian"4.6"1075 E South Boulder Rd #145, Louisville, CO 80027, USA"39.988"-105.13
Bawarchi Biryanis"Indian"4.2"390 McCaslin Blvd, Louisville, CO 80027, USA"39.9645"-105.162
Tibet's Restaurant & Bar"Indian"4.5"321 McCaslin Blvd A, Louisville, CO 80027, USA"39.9665"-105.164
Tiffins India Cafe"Indian"4.1"2416 Arapahoe Ave, Boulder, CO 80302, USA"40.014"-105.263
Azitra Restaurant"Indian"4.4"535 Zang St Suite C, Broomfield, CO 80021, USA"39.9276"-105.134
Zaika Indian Cuisine"Indian"4.3"300 Nickel St #19, Broomfield, CO 80020, USA"39.9205"-105.087
Gurkhas Restaurant: Restaurants in Longmont"Indian"4.6"2347 Clover Basin Dr, Longmont, CO 80503, USA"40.1429"-105.131
Yak & Yeti Bar and Restaurant"Indian"4.3"8659 Sheridan Boulevard, Westminster, CO 80003, USA"39.8543"-105.055
Dot's Diner"Indian"4.3"2716 28th St, Boulder, CO 80301, USA"40.0275"-105.257
Biju's Little Curry Shop"Indian"4.7"4279 Tennyson St, Denver, CO 80212, USA"39.7744"-105.044
Via Perla"Italian"4.4"901 Pearl St, Boulder, CO 80302, USA"40.0173"-105.284
Sforno Trattoria Romana"Italian"3.9"1308 Pearl St, Boulder, CO 80302, USA"40.018"-105.278
Carelli's"Italian"4.4"645 30th St, Boulder, CO 80303, USA"39.9989"-105.253
II Pastaio Ristorante"Italian"4.6"3075 Arapahoe Ave, Boulder, CO 80303, USA"40.0151"-105.252
Pizzeria Locale"Italian"4.5"1730 Pearl St, Boulder, CO 80302, USA"40.0193"-105.273
Pasta Jay's"Italian"4.2"1001 Pearl St, Boulder, CO 80302, USA"40.0175"-105.282
Ado's Kitchen & Bar"Italian"4.6"1143 13th St, Boulder, CO 80302, USA"40.0082"-105.276
Frasca Food and Wine"Italian"4.6"1738 Pearl St, Boulder, CO 80302, USA"40.0193"-105.272
Bacco Trattoria & Mozzarella Bar"Italian"4.2"1200 Yarmouth Ave, Boulder, CO 80304, USA"40.0581"-105.282
Basta"Italian"4.5"3601 Arapahoe Ave, Boulder, CO 80303, USA"40.0153"-105.248
D.P. Dough - Boulder (COMING SOON)"Italian"3.8"1335 Broadway Unit A, Boulder, CO 80302, USA"40.0102"-105.277
Parma Trattoria & Mozzarella Bar"Italian"4.5"1132 W Dillon Rd, Louisville, CO 80027, USA"39.9616"-105.167
Street Legal Pizza Boulder"Italian"4"3060 Pearl Pkwy #112, Boulder, CO 80301, USA"40.0234"-105.252
The Twisted Noodle"Italian"4.6"15 Ken Pratt Blvd #220, Longmont, CO 80501, USA"40.1519"-105.094
Vero Boulder"Italian"4.4"2525 Arapahoe Ave H5B, Boulder, CO 80302, United States"40.015"-105.26
Gondolier Italian Eatery"Italian"4.2"4800 Baseline Rd A104, Boulder, CO 80303, USA"39.9981"-105.233
Delvickios Broomfield"Italian"4.3"1100 US-287 a500, Broomfield, CO 80020, USA"39.9316"-105.089
Villa Fresh Italian Kitchen"Italian"2.4"1 W Flatiron Crossing Dr, Broomfield, CO 80021, USA"39.933"-105.133
Buca di Beppo Italian Restaurant"Italian"3.9"615 Flatiron Marketplace Dr, Broomfield, CO 80021, USA"39.9295"-105.127
Rio Grande Mexican Restaurant"Mexican"4.1"1101 Walnut St, Boulder, CO 80302, USA"40.0168"-105.281
Rincon Del Sol"Mexican"4.2"6606, 2350 Arapahoe Ave, Boulder, CO 80302, United States"40.0144"-105.264
Centro Mexican Kitchen"Mexican"4.1"950 Pearl St, Boulder, CO 80302, USA"40.0172"-105.283
Cafe Mexicali"Mexican"4.4"2850 Baseline Rd, Boulder, CO 80303, USA"39.9998"-105.256
QDOBA Mexican Eats"Mexican"4"1625 28th St Ste 401, Boulder, CO 80301, USA"40.0154"-105.259
Wahoo's Fish Taco"Mexican"4.4"2790 Pearl St, Boulder, CO 80302, USA"40.0218"-105.259
Chipotle Mexican Grill"Mexican"4.3"919 Pearl St, Boulder, CO 80302, USA"40.0174"-105.283
Santiago's Mexican Restaurant"Mexican"3.9"1325 Broadway #105, Boulder, CO 80302, USA"40.0099"-105.277
Pica's Boulder Mexican Taqueria"Mexican"4.4"5360 Arapahoe Ave f, Boulder, CO 80303, USA"40.0138"-105.228
Verde Boulder"Mexican"4.4"3070 28th St, Boulder, CO 80301, USA"40.0307"-105.258
Illegal Pete's Pearl St. Mall"Mexican"4.5"1447 Pearl St, Boulder, CO 80302, USA"40.0188"-105.276
T/aco"Mexican"4.4"1175 Walnut St, Boulder, CO 80302, USA"40.0169"-105.28
Los Dos Bros Food Truck"Mexican"4.7"1334, 5501 Arapahoe Ave, Boulder, CO 80303, United States"40.0149"-105.225
McDevitt Taco Supply"Mexican"4.8"4800 Baseline Rd Ste C 110, Boulder, CO 80303, USA"39.9977"-105.234
Chipotle Mexican Grill"Mexican"4.1"1650 28th St UNIT 1224, Boulder, CO 80301, USA"40.0164"-105.258
La Choza"Mexican"4.3"4457 Broadway, Boulder, CO 80301, USA"40.0556"-105.283
La Choza"Mexican"4.6"Unnamed Road, Boulder, CO 80301, United States"40.0256"-105.244
Efrain's II Mexican Restaurant"Mexican"4.5"1630 63rd St # 10, Boulder, CO 80301, USA"40.0154"-105.206
Illegal Pete's on The Hill"Mexican"4.5"1124 13th St, Boulder, CO 80302, USA"40.0078"-105.276
Sancho's Gunbarrel Mexican Restaurant"Mexican"4.3"6545 Gunpark Dr #280, Boulder, CO 80301, USA"40.0704"-105.2
Backcountry Pizza & Tap House"Pizza"4.3"2319 Arapahoe Ave, Boulder, CO 80302, USA"40.0149"-105.264
Pizza Colore"Pizza"4.2"1336 Pearl St, Boulder, CO 80302, USA"40.0181"-105.278
Brooklyn Pizza"Pizza"4.3"1647 Arapahoe Ave, Boulder, CO 80302, USA"40.0147"-105.273
Cosmo's Pizza"Pizza"4.4"1325 Broadway #108, Boulder, CO 80302, USA"40.0099"-105.277
Nick-N-Willy's Pizza"Pizza"4.2"801 Pearl St, Boulder, CO 80302, USA"40.017"-105.285
Domino's Pizza"Pizza"3.8"2425 Canyon Blvd Ste B, Boulder, CO 80302, USA"40.018"-105.261
Cosmoâ€™s Pizza"Pizza"4.6"3117 28th St, Boulder, CO 80301, USA"40.0313"-105.259
Cosmo's Pizza"Pizza"4.3"659 30th St, Boulder, CO 80303, USA"39.9988"-105.254
PizzaRev"Pizza"4"1650 28th St, Boulder, CO 80302, USA"40.0165"-105.258
Boss Lady Pizza"Pizza"4.4"1129 13th St, Boulder, CO 80302, USA"40.0079"-105.276
California Pizza Kitchen"Pizza"3.9"1711 29th St., Unit 1180, 29th St, Boulder, CO 80301, United States"40.0175"-105.257
Papa Murphy's Take 'N' Bake Pizza"Pizza"4.1"3325 28th St #8, Boulder, CO 80301, USA"40.0358"-105.26
Proto's Pizza-North Boulder - Broadway"Pizza"4.3"4670 North Broadway, Boulder, CO 80304, USA"40.0594"-105.282
Abo's Pizza"Pizza"4"637 S Broadway, Boulder, CO 80305, USA"39.9832"-105.25
Abo's Pizza"Pizza"4"Willow Springs Shopping Center, 2761 Iris Ave, Boulder, CO 80304, United States"40.0375"-105.259
Papa John's Pizza"Pizza"2.7"3054 28th St, Boulder, CO 80301, USA"40.0302"-105.258
Proto's Pizza-Gunbarrel"Pizza"4.5"5378 Gunbarrel Center Court #1, Boulder, CO 80301, USA"40.0722"-105.199
Organic Sandwich Company"Sandwiches"4.2"1500 Pearl Street, Suite F, Corner of Pearl and 16th, Boulder, CO 80302, United States"40.0187"-105.275
Potbelly Sandwich Shop"Sandwiches"3.9"1685 29th St, Boulder, CO 80301, USA"40.017"-105.257
Half Fast Subs On The Hill"Sandwiches"4.5"1215 13th St, Boulder, CO 80302, USA"40.009"-105.276
Jimmy John's"Sandwiches"3.1"1125 13th St, Boulder, CO 80302, USA"40.0078"-105.277
Silver Mine Subs"Sandwiches"3.5"1100 28th St, Boulder, CO 80303, USA"40.0075"-105.258
Jersey Mike's Subs"Sandwiches"4"2660 Pearl St, Boulder, CO 80302, USA"40.0218"-105.26
Naked Lunch"Sandwiches"4.5"3301 Arapahoe Ave, Boulder, CO 80303, USA"40.0153"-105.249
Firehouse Subs"Sandwiches"4.2"1695 29th St, Boulder, CO 80301, USA"40.0171"-105.257
Cheba Hut Toasted Subs"Sandwiches"4.4"1313 College Ave, Boulder, CO 80302, USA"40.0074"-105.276
Jimmy John's"Sandwiches"2.9"3310 Arapahoe Ave, Boulder, CO 80303, USA"40.0143"-105.25
Deli Zone on The Hill"Sandwiches"4.2"1322 College Ave, Boulder, CO 80302, USA"40.0072"-105.276
Snarf's Sandwiches"Sandwiches"4.3"5340 Arapahoe Ave J, Boulder, CO 80303, USA"40.0141"-105.228
Deli Zone"Sandwiches"4.3"1344 2900 Valmont Road # D1, # D1, Boulder, CO 80301, United States"40.0287"-105.255
Cured"Sandwiches"4.7"1825 Pearl St Ste B, Boulder, CO 80302, USA"40.02"-105.271
Snarf's Sandwiches"Sandwiches"4.3"637 S Broadway Suite A, Boulder, CO 80305, USA"39.9838"-105.251
Great Harvest"Sandwiches"4.6"2525 Arapahoe Ave Suite A-4, Boulder, CO 80302, USA"40.0149"-105.263
Deli Zone Baseline"Sandwiches"3.9"4800 Baseline Rd D104, Boulder, CO 80303, USA"39.9986"-105.235
Lindsay's Boulder Deli @ Haagen Dazs"Sandwiches"4.1"1148 Pearl St, Boulder, CO 80302, USA"40.0177"-105.28
Subway"Sandwiches"3.5"University Memorial Center, 1669 Euclid Ave Campus Box 207 University Colorado, Boulder, CO 80309, United States"40.0069"-105.272
North Side Tavern Restaurant"American"4.4"12708 Lowell Blvd, Broomfield, CO 80020, USA"39.9271"-105.033
Lazy Dog Restaurant & Bar"American"4.3"14618 Delaware St, Westminster, CO 80023, USA"39.9614"-104.989
Gunther Toody's"American"4.1"4105, 301 W 104th Ave, Northglenn, CO 80234, United States"39.8855"-104.99
Old Chicago Pizza and Taproom"American"4"1280 E 1st Ave, Broomfield, CO 80020, USA"39.9148"-105.055
Ted's Montana Grill"American"4.4"11950 Bradburn Blvd, Westminster, CO 80031, USA"39.9135"-105.041
Great Scotts Eatery Broomfield"American"4.5"7510 US-287, Broomfield, CO 80020, USA"39.9151"-105.083
Flatz"American"4.2"500 Flatiron Blvd, Broomfield, CO 80021, USA"39.9268"-105.13
Tocabe, An American Indian Eatery"American"4.7"3536 W 44th Ave, Denver, CO 80211, USA"39.7765"-105.034
Village Tavern"American"4.2"1 W Flatiron Crossing Dr Suite 100, Broomfield, CO 80021, USA"39.9319"-105.134
Rusty Bucket Restaurant and Tavern"American"3.9"14613 Orchard Pkwy, Westminster, CO 80023, USA"39.9614"-104.994
Black-eyed Pea"American"4"7095 W 88th Ave, Westminster, CO 80221, USA"39.8568"-105.076
3 Chicks Kitchen"American"3.6"2420 E Midway Blvd, Broomfield, CO 80020, USA"39.9281"-105.017
Twin Peaks"American"4.4"299 E Flatiron Crossing Dr, Broomfield, CO 80021, USA"39.9314"-105.122
Steuben's"American"4.4"523 E 17th Ave, Denver, CO 80203, USA"39.7435"-104.98
Boston Market"American"3.9"9269 Sheridan Boulevard, Westminster, CO 80031, USA"39.8658"-105.054
Mission Yogurt"American"4"1333 W 120th Ave #207, Westminster, CO 80234, USA"39.9146"-105.002
Gunther Toody's Thornton"American"3.8"16755 Washington St, Thornton, CO 80023, USA"39.9992"-104.976
Freshcraft"American"4.4"1530 Blake St, Denver, CO 80202, USA"39.75"-105
Li's Chinese Restaurant"Chinese"4.4"11187 Sheridan Boulevard #2, Westminster, CO 80020, USA"39.8991"-105.054
United Chinese Restaurant"Chinese"3.7"12161 Sheridan Boulevard, Broomfield, CO 80020, USA"39.9172"-105.054
Panda Express"Chinese"3.8"550 E 144th Ave, Thornton, CO 80023, USA"39.957"-104.981
Silk Street Restaurant KTV Bar"Chinese"3.5"6600 W 120th Ave J, Broomfield, CO 80020, USA"39.9131"-105.07
Great Wall Buffet 3"Chinese"3.5"300 Nickel St #1, Broomfield, CO 80020, USA"39.921"-105.087
United Chinese Restaurant N' Sushi"Chinese"4.2"4150 E 128th Ave, Thornton, CO 80241, USA"39.9278"-104.939
P.F. Chang's"Chinese"4.1"1 W Flatiron Crossing Dr Unit 500, Bldg. 5, Broomfield, CO 80021, USA"39.9302"-105.134
East Moon Asian Bistro & Sushi"Chinese"4"10431 Town Center Dr #101c, Broomfield, CO 80021, USA"39.8866"-105.075
Heaven Dragon Restaurant"Chinese"4.2"3730 E 120th Ave, Thornton, CO 80233, USA"39.913"-104.943
Hong Fu Chinese Restaurant"Chinese"4.2"9027 N Harlan St, Westminster, CO 80031, USA"39.8593"-105.064
Lotus Restaurant"Chinese"4.3"1261 W 84th Ave, Denver, CO 80260, USA"39.8494"-105.002
Panda Express"Chinese"3.5"901 E 120th Ave Unit A, Thornton, CO 80233, USA"39.9144"-104.976
Golden Scoop"Chinese"4.1"536 Malley Dr, Northglenn, CO 80233, USA"39.9027"-104.98
Red Lantern"Chinese"4.5"8770 Wadsworth Blvd # P, Arvada, CO 80003, USA"39.8554"-105.08
Panda Express"Chinese"3.2"2680 W 104th Ave, Denver, CO 80234, USA"39.8847"-105.02
Rose Garden Chinese Restaurant"Chinese"4.2"7503 W 80th Ave, Arvada, CO 80003, USA"39.8425"-105.08
Chan's Inn Chinese Restaurant"Chinese"4.4"3985 E 120th Ave, Thornton, CO 80233, USA"39.9165"-104.941
Jewel of India Restaurant & Bar"Indian"4.5"10343 Federal Blvd unit p, Westminster, CO 80260, USA"39.8824"-105.027
Afghan Kabob"Indian"4.7"1975 W 120th Ave, Westminster, CO 80234, USA"39.9154"-105.01
Mint Indian Restaurant And Lounge"Indian"4.1"1531 Stout St suite 130, Denver, CO 80202, USA"39.7454"-104.994
Little India"Indian"4"330 E 6th Ave, Denver, CO 80203, USA"39.7254"-104.983
Spice Room | Neighborhood Indian Bistro"Indian"4.6"3157 W 38th Ave, Denver, CO 80211, USA"39.7695"-105.029
Little India Downtown Denver"Indian"4"1533 Champa St, Denver, CO 80202, USA"39.7462"-104.995
Asti D'Italia"Italian"3.8"14648 Delaware St, Westminster, CO 80023, USA"39.962"-104.991
Anthony's II Pizza and Italian Food"Italian"4.2"3901 E 112th Ave, Thornton, CO 80233, USA"39.8996"-104.942
Cinzzetti's"Italian"4.3"281 W 104th Ave, Northglenn, CO 80234, USA"39.891"-104.989
Gaetano's"Italian"4.3"3760 Tejon St, Denver, CO 80211, USA"39.7691"-105.011
The Old Spaghetti Factory"Italian"4.1"9145 Sheridan Boulevard, Westminster, CO 80031, USA"39.8616"-105.054
Olive Garden Italian Restaurant"Italian"4.2"1151 E 120th Ave, Thornton, CO 80233, USA"39.9144"-104.973
Olive Garden Italian Restaurant"Italian"4.1"5551 W 88th Ave, Westminster, CO 80031, USA"39.857"-105.058
Scalzotto Italian Restaurant Homemade Pasta"Italian"4.6"88 Lamar St #110, Broomfield, CO 80020, USA"39.9157"-105.066
Romano's Macaroni Grill"Italian"3.8"10411 Town Center Dr, Westminster, CO 80021, USA"39.8862"-105.075
Ciancio's"Italian"4.1"9650 Sheridan Boulevard, Westminster, CO 80031, USA"39.8703"-105.051
Mici Handcrafted Italian"Italian"4.4"1531 Stout St, Denver, CO 80202, USA"39.7457"-104.994
Mici Handcrafted Italian"Italian"4.4"727 Colorado Blvd, Denver, CO 80206, USA"39.7279"-104.941
Fazoli's"Italian"4"460 E 120th Ave, Northglenn, CO 80233, USA"39.9137"-104.982
Mici Handcrafted Italian"Italian"4.4"2373 Central Park Blvd, Denver, CO 80238, USA"39.7513"-104.89
Panzano"Italian"4.4"909 17th St, Denver, CO 80202, USA"39.7478"-104.993
El Azteca Mexican Food"Mexican"4.3"2683 E 120th Ave, Thornton, CO 80233, USA"39.915"-104.954
Burritos To Go"Mexican"4.2"1050 E 10th Ave, Broomfield, CO 80020, USA"39.9316"-105.054
Si Senor! Real Mexican Food"Mexican"4"3120 Village Vista Dr, Erie, CO 80516, USA"40.001"-105.021
La Casa Del Burrito"Mexican"4.6"1384 US-287, Broomfield, CO 80020, USA"39.9165"-105.086
Santiago's Mexican Restaurant"Mexican"4.3"104 N Public Rd, Lafayette, CO 80026, USA"39.9986"-105.09
3 Margaritas Broomfield"Mexican"4"2827, 6896 W 120th Ave, Broomfield, CO 80020, United States"39.9139"-105.073
Pica's Taqueria"Mexican"4.4"901 Front St, Louisville, CO 80027, USA"39.9789"-105.131
QDOBA Mexican Eats"Mexican"4.1"4550 W 121st Ave Suite C, Broomfield, CO 80020, USA"39.9147"-105.045
Costa Vida"Mexican"3.9"14316 Orchard Pkwy Suite 100, Westminster, CO 80023, USA"39.9559"-104.994
Coronados Mexican Food"Mexican"4"7940 Sheridan Boulevard, Arvada, CO 80003, USA"39.8399"-105.053
Chipotle Mexican Grill"Mexican"4.2"5160 W 120th Ave Unit B, Westminster, CO 80020, USA"39.9124"-105.051
Corona's Mexican Grill"Mexican"3.4"2255 W 136th Ave, Broomfield, CO 80023, USA"39.9445"-105.013
El Mirador Mexican Restaurant"Mexican"4.4"11370 Huron St, Northglenn, CO 80234, USA"39.9029"-104.996
Cafe Rio Mexican Grill"Mexican"4.1"100 E 120th Ave, Northglenn, CO 80233, USA"39.9136"-104.986
Emilio's Almost Famous"Mexican"4.3"10081 Wadsworth Pkwy, Westminster, CO 80021, USA"39.8795"-105.097
Efrain's"Mexican"4.2"101 E Cleveland St, Lafayette, CO 80026, USA"39.9974"-105.09
Taqueria El Rodeo"Mexican"4.4"5072 w 92nd ave d-2, Westminster, CO 80031, United States"39.862"-105.052
Hacienda Colorado"Mexican"4.3"10422 Town Center Dr, Westminster, CO 80021, USA"39.8871"-105.073
QDOBA Mexican Eats"Mexican"3.9"635-B Flatiron Marketplace Dr, Broomfield, CO 80021, USA"39.9302"-105.127
La Esperanza"Mexican"4.2"1280 Centaur Village Dr, Lafayette, CO 80026, USA"39.9876"-105.107
Marco's Pizza"Pizza"3.9"6785 W 120th Ave, Broomfield, CO 80021, USA"39.9155"-105.071
Proto's Pizza-Broomfield"Pizza"4.4"8001 Arista Pl, Broomfield, CO 80021, USA"39.9059"-105.088
Your Pie"Pizza"4.6"14342 Lincoln St, Thornton, CO 80023, USA"39.9556"-104.985
Abo's Pizza"Pizza"4.1"799 US-287, Broomfield, CO 80020, USA"39.9267"-105.091
Lucky Pie Pizza & Taphouse"Pizza"4.4"637 Front St, Louisville, CO 80027, USA"39.9766"-105.131
Adesso Pizzeria"Pizza"4.5"385 Crossing Dr #105, Lafayette, CO 80026, USA"40.0013"-105.101
Blackjack Pizza & Salads"Pizza"4.1"6450 W 120th Ave suite b, Broomfield, CO 80020, USA"39.9138"-105.069
Infinitus Pizza PIE (iPIE)"Pizza"4.6"145 Nickel St, Broomfield, CO 80020, USA"39.9194"-105.089
Marco's Pizza"Pizza"3.8"14663 Orchard Pkwy, Westminster, CO 80023, USA"39.9624"-104.994
Marco's Pizza"Pizza"4.1"459 McCaslin Blvd, Louisville, CO 80027, USA"39.9651"-105.164
MOD Pizza"Pizza"4.7"994 W Dillon Rd #600, Louisville, CO 80027, USA"39.9607"-105.164
Rosati's Pizza"Pizza"3.6"2055 W 136th Ave, Broomfield, CO 80023, USA"39.9444"-105.012
MOD Pizza"Pizza"4.6"6415 W 104th Ave #400, Westminster, CO 80020, USA"39.8885"-105.069
PizzaRev"Pizza"4.2"520 W South Boulder Rd, Lafayette, CO 80026, USA"39.9866"-105.097
Papa Murphy's Take 'N' Bake Pizza"Pizza"3.8"2355 W 136th Ave suite c-118, Broomfield, CO 80023, USA"39.9441"-105.013
Godfather's Pizza"Pizza"4"2350 E 120th Ave, Thornton, CO 80233, USA"39.9134"-104.956
Marco's Pizza"Pizza"3.9"7699 West 88th Avenue Arvada, Westminster, CO 80005, United States"39.8576"-105.084
Double D's Sourdough Pizzeria & Taphouse"Pizza"3.7"8231, 535 Zang St, Broomfield, CO 80021, United States"39.9276"-105.134
Parry's Pizzeria & Bar"Pizza"4.3"100 E 120th Ave, Northglenn, CO 80233, USA"39.9123"-104.987
Which Wich Superior Sandwiches"Sandwiches"4"4490 W 121st Ave #8, Broomfield, CO 80020, USA"39.9147"-105.044
Jimmy John's"Sandwiches"3.5"1240 E 1st Ave, Broomfield, CO 80020, USA"39.9148"-105.058
Snarf's Sandwiches"Sandwiches"4.5"1975 W 120th Ave, Westminster, CO 80234, USA"39.9153"-105.01
Subway"Sandwiches"3.3"3700 W 144th Ave Space E-1200, Broomfield, CO 80023, USA"39.9564"-105.037
Jersey Mike's Subs"Sandwiches"4.1"10398 Reed St Suite 100, Westminster, CO 80021, USA"39.8858"-105.073
Silver Mine Subs"Sandwiches"3.2"1280 Centaur Village Dr # 1, Lafayette, CO 80026, USA"39.9876"-105.107
Which Wich Superior Sandwiches"Sandwiches"4"14647 Delaware St #1400, Broomfield, CO 80023, USA"39.9618"-104.992
Jimmy John's"Sandwiches"3.8"625 Flatiron Marketplace Dr, Broomfield, CO 80021, USA"39.9299"-105.127
Jimmy John's"Sandwiches"4.3"14315 Orchard Pkwy Ste. 500, Westminster, CO 80023, USA"39.956"-104.994
Jimmy John's"Sandwiches"3.8"100 E 120th Ave Bldg. G, Unit G-110, Northglenn, CO 80233, USA"39.9128"-104.988
Subway"Sandwiches"3.6"555 Hwy 287 Unit D Park Plaza 287 S/C, Broomfield, CO 80020, United States"39.925"-105.091
Deli Zone"Sandwiches"3.5"12161 Sheridan Boulevard Suite H, Broomfield, CO 80020, USA"39.9169"-105.054
Jersey Mike's Subs"Sandwiches"4.3"12003 N Pecos St, Westminster, CO 80234, USA"39.9144"-105.008
Potbelly Sandwich Shop"Sandwiches"4.1"14306 Lincoln St, Thornton, CO 80023, USA"39.9552"-104.985
Firehouse Subs"Sandwiches"4.3"534 W South Boulder Rd d, Lafayette, CO 80026, USA"39.9866"-105.097
Quiznos"Sandwiches"4"535 W E South Boulder Rd Ste 290, Lafayette, CO 80026, USA"39.9874"-105.095
Arby's"Sandwiches"3.9"8950 Metro Airport Ave, Broomfield, CO 80020, USA"39.908"-105.097
Subway Restaurants"Sandwiches"2.9"4651 W 121st Ave, Broomfield, CO 80020, USA"39.9164"-105.046
Firehouse Subs"Sandwiches"4.6"10060 Grant St, Thornton, CO 80229, USA"39.8784"-104.983
Firehouse Subs"Sandwiches"4.1"14356 Lincoln St, Thornton, CO 80023, USA"39.9559"-104.983
