North Side Tavern Restaurant"American"4.4"12708 Lowell Blvd, Broomfield, CO 80020, USA"39.9270585"-105.0327274
Lazy Dog Restaurant & Bar"American"4.3"14618 Delaware St, Westminster, CO 80023, USA"39.9613598"-104.9891701
Gunther Toody's"American"4.1"4105, 301 W 104th Ave, Northglenn, CO 80234, United States"39.8855349"-104.9900958
Old Chicago Pizza and Taproom"American"4"1280 E 1st Ave, Broomfield, CO 80020, USA"39.914777"-105.054893
Ted's Montana Grill"American"4.4"11950 Bradburn Blvd, Westminster, CO 80031, USA"39.91354"-105.041438
Great Scotts Eatery Broomfield"American"4.5"7510 US-287, Broomfield, CO 80020, USA"39.915069"-105.082824
Flatz"American"4.2"500 Flatiron Blvd, Broomfield, CO 80021, USA"39.92681470000001"-105.1295176
Tocabe, An American Indian Eatery"American"4.7"3536 W 44th Ave, Denver, CO 80211, USA"39.7765356"-105.0342622
Village Tavern"American"4.2"1 W Flatiron Crossing Dr Suite 100, Broomfield, CO 80021, USA"39.9319307"-105.1339271
Rusty Bucket Restaurant and Tavern"American"3.9"14613 Orchard Pkwy, Westminster, CO 80023, USA"39.9614463"-104.9938743
Black-eyed Pea"American"4"7095 W 88th Ave, Westminster, CO 80221, USA"39.856785"-105.0763347
3 Chicks Kitchen"American"3.6"2420 E Midway Blvd, Broomfield, CO 80020, USA"39.928084"-105.017188
Twin Peaks"American"4.4"299 E Flatiron Crossing Dr, Broomfield, CO 80021, USA"39.9313571"-105.1221834
Steuben's"American"4.4"523 E 17th Ave, Denver, CO 80203, USA"39.7435055"-104.9803632
Boston Market"American"3.9"9269 Sheridan Boulevard, Westminster, CO 80031, USA"39.86577090000001"-105.0538585
The West End Tavern"American"4.4"926 Pearl St, Boulder, CO 80302, USA"40.0170519"-105.2832704
Mission Yogurt"American"4"1333 W 120th Ave #207, Westminster, CO 80234, USA"39.9146152"-105.0021063
Gunther Toody's Thornton"American"3.8"16755 Washington St, Thornton, CO 80023, USA"39.9991997"-104.9761354
Oak"American"4.6"1400 Pearl St, Boulder, CO 80302, USA"40.0182268"-105.2771144
Freshcraft"American"4.4"1530 Blake St, Denver, CO 80202, USA"39.7499645"-104.999693
Li's Chinese Restaurant"Chinese"4.4"11187 Sheridan Boulevard #2, Westminster, CO 80020, USA"39.8990974"-105.0542321
United Chinese Restaurant"Chinese"3.7"12161 Sheridan Boulevard, Broomfield, CO 80020, USA"39.9172342"-105.0537182
Panda Express"Chinese"3.8"550 E 144th Ave, Thornton, CO 80023, USA"39.9569941"-104.981242
Silk Street Restaurant KTV Bar"Chinese"3.5"6600 W 120th Ave J, Broomfield, CO 80020, USA"39.913117"-105.069763
Great Wall Buffet 3"Chinese"3.5"300 Nickel St #1, Broomfield, CO 80020, USA"39.9209762"-105.0870383
United Chinese Restaurant N' Sushi"Chinese"4.2"4150 E 128th Ave, Thornton, CO 80241, USA"39.9278409"-104.9386572
Ting's Place"Chinese"4.2"1265 S Public Rd, Lafayette, CO 80026, USA"39.98812030000001"-105.0908868
P.F. Chang's"Chinese"4.1"1 W Flatiron Crossing Dr Unit 500, Bldg. 5, Broomfield, CO 80021, USA"39.9302052"-105.1344293
East Moon Asian Bistro & Sushi"Chinese"4"10431 Town Center Dr #101c, Broomfield, CO 80021, USA"39.8866417"-105.0752323
Heaven Dragon Restaurant"Chinese"4.2"3730 E 120th Ave, Thornton, CO 80233, USA"39.9130185"-104.9430273
Hong Fu Chinese Restaurant"Chinese"4.2"9027 N Harlan St, Westminster, CO 80031, USA"39.8592846"-105.0640526
Emperor Palace"Chinese"4"6700 W 120th Ave, Broomfield, CO 80020, USA"39.913926"-105.071271
Lotus Restaurant"Chinese"4.3"1261 W 84th Ave, Denver, CO 80260, USA"39.849395"-105.0017302
Panda Express"Chinese"3.5"901 E 120th Ave Unit A, Thornton, CO 80233, USA"39.9143858"-104.9759105
Golden Scoop"Chinese"4.1"536 Malley Dr, Northglenn, CO 80233, USA"39.9026535"-104.9796366
Red Lantern"Chinese"4.5"8770 Wadsworth Blvd # P, Arvada, CO 80003, USA"39.8553868"-105.080173
Panda Express"Chinese"3.3"301 Center Dr, Superior, CO 80027, USA"39.9578923"-105.1694533
Panda Express"Chinese"3.2"2680 W 104th Ave, Denver, CO 80234, USA"39.8846652"-105.0199988
Rose Garden Chinese Restaurant"Chinese"4.2"7503 W 80th Ave, Arvada, CO 80003, USA"39.842512"-105.0798364
Chan's Inn Chinese Restaurant"Chinese"4.4"3985 E 120th Ave, Thornton, CO 80233, USA"39.91648"-104.9411045
Zaika Indian Cuisine"Indian"4.3"300 Nickel St #19, Broomfield, CO 80020, USA"39.9205463"-105.0869933
Jewel of India Restaurant & Bar"Indian"4.5"10343 Federal Blvd unit p, Westminster, CO 80260, USA"39.8824398"-105.0273954
Taj Mahal 3 Restaurant & Bar"Indian"4.6"1075 E South Boulder Rd #145, Louisville, CO 80027, USA"39.988005"-105.129662
Azitra Restaurant"Indian"4.4"535 Zang St Suite C, Broomfield, CO 80021, USA"39.9276212"-105.1338902
Bawarchi Biryanis"Indian"4.2"390 McCaslin Blvd, Louisville, CO 80027, USA"39.9645136"-105.1622864
Afghan Kabob"Indian"4.7"1975 W 120th Ave, Westminster, CO 80234, USA"39.915404"-105.0104238
Tadka Indian Cuisine"Indian"4.8"5290 Arapahoe Ave B, Boulder, CO 80303, USA"40.0141821"-105.2294008
Mount Everest Cuisine"Indian"4.6"4800 Baseline Rd A-107, Boulder, CO 80303, USA"39.9980104"-105.232927
Tandoori Grill"Indian"4.5"619 S Broadway, Boulder, CO 80305, USA"39.9844544"-105.2498792
The Taj - Indian Cuisine"Indian"4.4"2630 Baseline Rd, Boulder, CO 80305, USA"39.999831"-105.260989
Curry N Kebob"Indian"4.5"3050 28th St, Boulder, CO 80301, USA"40.030057"-105.2579458
Jaipur Indian Restaurant"Indian"4.2"1214 Walnut St, Boulder, CO 80302, USA"40.016828"-105.2790882
Roxie's Tacos"Indian"4.7"1135 Broadway, Boulder, CO 80302, USA"40.008132"-105.2756399
Mint Indian Restaurant And Lounge"Indian"4.1"1531 Stout St suite 130, Denver, CO 80202, USA"39.7454304"-104.9938493
Tibet's Restaurant & Bar"Indian"4.5"321 McCaslin Blvd A, Louisville, CO 80027, USA"39.9664953"-105.1642405
Little India"Indian"4"330 E 6th Ave, Denver, CO 80203, USA"39.7254183"-104.9828562
Spice Room | Neighborhood Indian Bistro"Indian"4.6"3157 W 38th Ave, Denver, CO 80211, USA"39.7695314"-105.0289938
Little India Downtown Denver"Indian"4"1533 Champa St, Denver, CO 80202, USA"39.7461675"-104.9946348
Yak & Yeti Bar and Restaurant"Indian"4.3"8659 Sheridan Boulevard, Westminster, CO 80003, USA"39.8543421"-105.0552533
Gurkhas On the Hill"Indian"4.3"1310 College Ave #230, Boulder, CO 80302, USA"40.0071181"-105.2759597
Delvickios Broomfield"Italian"4.3"1100 US-287 a500, Broomfield, CO 80020, USA"39.931582"-105.089228
Buca di Beppo Italian Restaurant"Italian"3.9"615 Flatiron Marketplace Dr, Broomfield, CO 80021, USA"39.929488"-105.127155
Asti D'Italia"Italian"3.8"14648 Delaware St, Westminster, CO 80023, USA"39.9620327"-104.9912525
Anthony's II Pizza and Italian Food"Italian"4.2"3901 E 112th Ave, Thornton, CO 80233, USA"39.8996305"-104.9417523
Cinzzetti's"Italian"4.3"281 W 104th Ave, Northglenn, CO 80234, USA"39.891"-104.988575
Parma Trattoria & Mozzarella Bar"Italian"4.5"1132 W Dillon Rd, Louisville, CO 80027, USA"39.9615821"-105.1672133
Villa Fresh Italian Kitchen"Italian"2.4"1 W Flatiron Crossing Dr, Broomfield, CO 80021, USA"39.9330495"-105.1333543
Gaetano's"Italian"4.3"3760 Tejon St, Denver, CO 80211, USA"39.7691497"-105.0110773
The Old Spaghetti Factory"Italian"4.1"9145 Sheridan Boulevard, Westminster, CO 80031, USA"39.86157"-105.054127
Olive Garden Italian Restaurant"Italian"4.2"1151 E 120th Ave, Thornton, CO 80233, USA"39.9144283"-104.9728621
Olive Garden Italian Restaurant"Italian"4.1"5551 W 88th Ave, Westminster, CO 80031, USA"39.8570275"-105.0576345
Scalzotto Italian Restaurant Homemade Pasta"Italian"4.6"88 Lamar St #110, Broomfield, CO 80020, USA"39.9156613"-105.066499
Romano's Macaroni Grill"Italian"3.8"10411 Town Center Dr, Westminster, CO 80021, USA"39.886181"-105.074599
Ciancio's"Italian"4.1"9650 Sheridan Boulevard, Westminster, CO 80031, USA"39.870298"-105.0506663
Mici Handcrafted Italian"Italian"4.4"1531 Stout St, Denver, CO 80202, USA"39.7456745"-104.9939706
Mici Handcrafted Italian"Italian"4.4"727 Colorado Blvd, Denver, CO 80206, USA"39.727885"-104.9411815
Carelli's"Italian"4.4"645 30th St, Boulder, CO 80303, USA"39.998903"-105.2533659
Fazoli's"Italian"4"460 E 120th Ave, Northglenn, CO 80233, USA"39.9136823"-104.981683
Mici Handcrafted Italian"Italian"4.4"2373 Central Park Blvd, Denver, CO 80238, USA"39.7513027"-104.8898403
Panzano"Italian"4.4"909 17th St, Denver, CO 80202, USA"39.7477889"-104.9929023
El Azteca Mexican Food"Mexican"4.3"2683 E 120th Ave, Thornton, CO 80233, USA"39.9150313"-104.9542635
Burritos To Go"Mexican"4.2"1050 E 10th Ave, Broomfield, CO 80020, USA"39.931583"-105.05428
Si Senor! Real Mexican Food"Mexican"4"3120 Village Vista Dr, Erie, CO 80516, USA"40.0009939"-105.0210973
La Casa Del Burrito"Mexican"4.6"1384 US-287, Broomfield, CO 80020, USA"39.9165432"-105.0856766
Santiago's Mexican Restaurant"Mexican"4.3"104 N Public Rd, Lafayette, CO 80026, USA"39.9986406"-105.090274
3 Margaritas Broomfield"Mexican"4"2827, 6896 W 120th Ave, Broomfield, CO 80020, United States"39.913923"-105.072572
Pica's Taqueria"Mexican"4.4"901 Front St, Louisville, CO 80027, USA"39.9789189"-105.1309446
QDOBA Mexican Eats"Mexican"4.1"4550 W 121st Ave Suite C, Broomfield, CO 80020, USA"39.9147123"-105.0452083
Costa Vida"Mexican"3.9"14316 Orchard Pkwy Suite 100, Westminster, CO 80023, USA"39.9559169"-104.9942592
Coronados Mexican Food"Mexican"4"7940 Sheridan Boulevard, Arvada, CO 80003, USA"39.8398652"-105.0528006
Chipotle Mexican Grill"Mexican"4.2"5160 W 120th Ave Unit B, Westminster, CO 80020, USA"39.9124049"-105.0513282
Corona's Mexican Grill"Mexican"3.4"2255 W 136th Ave, Broomfield, CO 80023, USA"39.9444679"-105.0125453
El Mirador Mexican Restaurant"Mexican"4.4"11370 Huron St, Northglenn, CO 80234, USA"39.9028976"-104.9962539
Cafe Rio Mexican Grill"Mexican"4.1"100 E 120th Ave, Northglenn, CO 80233, USA"39.9136352"-104.9855524
Emilio's Almost Famous"Mexican"4.3"10081 Wadsworth Pkwy, Westminster, CO 80021, USA"39.8795187"-105.0969448
Efrain's"Mexican"4.2"101 E Cleveland St, Lafayette, CO 80026, USA"39.9974056"-105.090165
Taqueria El Rodeo"Mexican"4.4"5072 w 92nd ave d-2, Westminster, CO 80031, United States"39.8620068"-105.0522818
Hacienda Colorado"Mexican"4.3"10422 Town Center Dr, Westminster, CO 80021, USA"39.88705059999999"-105.0734058
QDOBA Mexican Eats"Mexican"3.9"635-B Flatiron Marketplace Dr, Broomfield, CO 80021, USA"39.930189"-105.126768
La Esperanza"Mexican"4.2"1280 Centaur Village Dr, Lafayette, CO 80026, USA"39.9875856"-105.1073936
Marco's Pizza"Pizza"3.9"6785 W 120th Ave, Broomfield, CO 80021, USA"39.9155189"-105.0711835
Proto's Pizza-Broomfield"Pizza"4.4"8001 Arista Pl, Broomfield, CO 80021, USA"39.9059173"-105.0875838
Your Pie"Pizza"4.6"14342 Lincoln St, Thornton, CO 80023, USA"39.9556376"-104.9845678
Abo's Pizza"Pizza"4.1"799 US-287, Broomfield, CO 80020, USA"39.9266746"-105.0912776
Lucky Pie Pizza & Taphouse"Pizza"4.4"637 Front St, Louisville, CO 80027, USA"39.9766176"-105.1312744
Adesso Pizzeria"Pizza"4.5"385 Crossing Dr #105, Lafayette, CO 80026, USA"40.001276"-105.1007261
Blackjack Pizza & Salads"Pizza"4.1"6450 W 120th Ave suite b, Broomfield, CO 80020, USA"39.9137609"-105.0687586
Infinitus Pizza PIE (iPIE)"Pizza"4.6"145 Nickel St, Broomfield, CO 80020, USA"39.9194483"-105.0888702
Marco's Pizza"Pizza"3.8"14663 Orchard Pkwy, Westminster, CO 80023, USA"39.9624043"-104.9939072
Marco's Pizza"Pizza"4.1"459 McCaslin Blvd, Louisville, CO 80027, USA"39.9651027"-105.1641187
MOD Pizza"Pizza"4.7"994 W Dillon Rd #600, Louisville, CO 80027, USA"39.9606881"-105.1643508
Rosati's Pizza"Pizza"3.6"2055 W 136th Ave, Broomfield, CO 80023, USA"39.9443796"-105.0121819
MOD Pizza"Pizza"4.6"6415 W 104th Ave #400, Westminster, CO 80020, USA"39.8885395"-105.0686057
PizzaRev"Pizza"4.2"520 W South Boulder Rd, Lafayette, CO 80026, USA"39.9865789"-105.0967499
Papa Murphy's Take 'N' Bake Pizza"Pizza"3.8"2355 W 136th Ave suite c-118, Broomfield, CO 80023, USA"39.9440678"-105.0130597
Godfather's Pizza"Pizza"4"2350 E 120th Ave, Thornton, CO 80233, USA"39.9134257"-104.9563952
Marco's Pizza"Pizza"3.9"7699 West 88th Avenue Arvada, Westminster, CO 80005, United States"39.8576284"-105.083824
Double D's Sourdough Pizzeria & Taphouse"Pizza"3.7"8231, 535 Zang St, Broomfield, CO 80021, United States"39.9276439"-105.1336592
Parry's Pizzeria & Bar"Pizza"4.3"100 E 120th Ave, Northglenn, CO 80233, USA"39.9123284"-104.9869617
Old Chicago Pizza and Taproom"Pizza"4"1280 E 1st Ave, Broomfield, CO 80020, USA"39.914777"-105.054893
Which Wich Superior Sandwiches"Sandwiches"4"4490 W 121st Ave #8, Broomfield, CO 80020, USA"39.914737"-105.04442
Jimmy John's"Sandwiches"3.5"1240 E 1st Ave, Broomfield, CO 80020, USA"39.9147967"-105.058074
Snarf's Sandwiches"Sandwiches"4.5"1975 W 120th Ave, Westminster, CO 80234, USA"39.9152754"-105.0104274
Subway"Sandwiches"3.3"3700 W 144th Ave Space E-1200, Broomfield, CO 80023, USA"39.9564313"-105.0366173
Jersey Mike's Subs"Sandwiches"4.1"10398 Reed St Suite 100, Westminster, CO 80021, USA"39.88577"-105.073269
Silver Mine Subs"Sandwiches"3.2"1280 Centaur Village Dr # 1, Lafayette, CO 80026, USA"39.9875867"-105.1074805
Which Wich Superior Sandwiches"Sandwiches"4"14647 Delaware St #1400, Broomfield, CO 80023, USA"39.9617926"-104.9917446
Jimmy John's"Sandwiches"3.8"625 Flatiron Marketplace Dr, Broomfield, CO 80021, USA"39.9298795"-105.1269462
Jimmy John's"Sandwiches"4.3"14315 Orchard Pkwy Ste. 500, Westminster, CO 80023, USA"39.9560435"-104.9942901
Jimmy John's"Sandwiches"3.8"100 E 120th Ave Bldg. G, Unit G-110, Northglenn, CO 80233, USA"39.912838"-104.9875322
Subway"Sandwiches"3.6"555 Hwy 287 Unit D Park Plaza 287 S/C, Broomfield, CO 80020, United States"39.924981"-105.0914542
Deli Zone"Sandwiches"3.5"12161 Sheridan Boulevard Suite H, Broomfield, CO 80020, USA"39.9169318"-105.0536558
Jersey Mike's Subs"Sandwiches"4.3"12003 N Pecos St, Westminster, CO 80234, USA"39.914402"-105.008175
Potbelly Sandwich Shop"Sandwiches"4.1"14306 Lincoln St, Thornton, CO 80023, USA"39.9551731"-104.9845543
Firehouse Subs"Sandwiches"4.3"534 W South Boulder Rd d, Lafayette, CO 80026, USA"39.9866454"-105.0972693
Quiznos"Sandwiches"4"535 W E South Boulder Rd Ste 290, Lafayette, CO 80026, USA"39.9873892"-105.095485
Arby's"Sandwiches"3.9"8950 Metro Airport Ave, Broomfield, CO 80020, USA"39.9079898"-105.0972529
Subway Restaurants"Sandwiches"2.9"4651 W 121st Ave, Broomfield, CO 80020, USA"39.9164466"-105.0459966
Firehouse Subs"Sandwiches"4.6"10060 Grant St, Thornton, CO 80229, USA"39.8784218"-104.9831705
Firehouse Subs"Sandwiches"4.1"14356 Lincoln St, Thornton, CO 80023, USA"39.95590960000001"-104.983057
