Arcana"American"4.6"909 Walnut St, Boulder, CO 80302, USA"40.0163"-105.283
Riffs Urban Fare"American"4.5"1115 Pearl St, Boulder, CO 80302, USA"40.0178"-105.281
Next Door | Boulder"American"4.4"1039 Pearl St, Boulder, CO 80302, USA"40.0178"-105.282
The West End Tavern"American"4.4"926 Pearl St, Boulder, CO 80302, USA"40.0171"-105.283
Oak"American"4.6"1400 Pearl St, Boulder, CO 80302, USA"40.0182"-105.277
The Kitchen"American"4.5"1039 Pearl St, Boulder, CO 80302, USA"40.0178"-105.282
River and Woods"American"4.6"2328 Pearl St, Boulder, CO 80302, USA"40.0208"-105.265
Bramble & Hare"American"4.7"1970 13th St, Boulder, CO 80302, USA"40.018"-105.278
Flagstaff House"American"4.7"1138 Flagstaff Rd, Boulder, CO 80302, USA"40.0073"-105.295
Modern Market Eatery"American"4.3"1600 28th St #1212, Boulder, CO 80301, USA"40.0158"-105.258
The Boulder Cork"American"4.5"3295 30th St, Boulder, CO 80301, USA"40.0346"-105.254
The Sink"American"4.4"1165 13th St, Boulder, CO 80302, USA"40.0086"-105.276
Spruce Farm & Fish"American"4.1"2115 13th St, Boulder, CO 80302, USA"40.0195"-105.279
The Roadhouse Boulder Depot"American"4.2"2366 Junction Pl, Boulder, CO 80301, USA"40.0249"-105.251
SALT"American"4.3"1047 Pearl St, Boulder, CO 80302, USA"40.0177"-105.282
Canyons Restaurant & Bar"American"2.8"2660 Canyon Blvd, Boulder, CO 80302, USA"40.0164"-105.26
Mustard's Last Stand"American"4.4"1719 Broadway, Boulder, CO 80302, USA"40.0144"-105.279
Rueben's Burger Bistro"American"4.1"1800 Broadway, Boulder, CO 80302, USA"40.0168"-105.279
Fat Shack"American"3.8"1110 13th St, Boulder, CO 80302, USA"40.0076"-105.276
Five Guys"American"4.4"1855 29th St, Boulder, CO 80301, USA"40.019"-105.257
Flower Pepper Restaurant - Authentic Chinese Home Cooking"Chinese"4.2"2655 Broadway, Boulder, CO 80304, USA"40.025"-105.282
Panda Express"Chinese"3.6"2100 28th St, Boulder, CO 80301, USA"40.0239"-105.258
Zoe Ma Ma"Chinese"4.3"2010 10th St, Boulder, CO 80302, USA"40.0176"-105.283
Haoway Chinese Cafe"Chinese"4"1678 30th St, Boulder, CO 80301, USA"40.0163"-105.253
Jin Chan Zhang Restaurant"Chinese"3.9"2835 28th St, Boulder, CO 80301, USA"40.028"-105.259
Tsing Tao"Chinese"4"607 S Broadway suite a, Boulder, CO 80305, USA"39.984"-105.251
Pei Wei"Chinese"3.6"1675 29th St Suite 1284, Boulder, CO 80301, USA"40.0163"-105.257
You & Mee Noodle House"Chinese"4"1311 Broadway, Boulder, CO 80302, USA"40.0098"-105.277
May Wah"Chinese"4.3"2500 Baseline Rd, Boulder, CO 80305, USA"39.9987"-105.262
Golden Sun Chinese Restaurant"Chinese"3.3"1635 28th St, Boulder, CO 80301, USA"40.0154"-105.259
Oriental Cafe"Chinese"2.8"6201, 1305 Broadway, Boulder, CO 80302, United States"40.0097"-105.277
China Gourmet"Chinese"4.3"3970 North Broadway #102, Boulder, CO 80304, USA"40.0474"-105.28
Five Spice"Chinese"3.4"3325 28th St #5, Boulder, CO 80301, USA"40.0357"-105.26
Tibet Kitchen"Chinese"4.5"2359 Arapahoe Ave, Boulder, CO 80303, USA"40.0149"-105.263
Chef King Carry-Out"Chinese"4"1355 E South Boulder Rd, Louisville, CO 80027, USA"39.9882"-105.125
Panda Express"Chinese"3.3"301 Center Dr, Superior, CO 80027, USA"39.9579"-105.169
Spice China"Chinese"4"269 McCaslin Blvd, Louisville, CO 80027, USA"39.9678"-105.164
Heaven Dragon Chinese Restaurant"Chinese"4.4"16255 W 64th Ave #14, Arvada, CO 80007, USA"39.8137"-105.182
Kim's Food To Go"Chinese"3.9"1325 Broadway, Boulder, CO 80302, USA"40.0101"-105.277
Ting's Place"Chinese"4.2"1265 S Public Rd, Lafayette, CO 80026, USA"39.9881"-105.091
Jaipur Indian Restaurant"Indian"4.2"1214 Walnut St, Boulder, CO 80302, USA"40.0168"-105.279
Tiffins India Cafe"Indian"4.1"2416 Arapahoe Ave, Boulder, CO 80302, USA"40.014"-105.263
Curry N Kebob"Indian"4.5"3050 28th St, Boulder, CO 80301, USA"40.0301"-105.258
The Taj - Indian Cuisine"Indian"4.4"2630 Baseline Rd, Boulder, CO 80305, USA"39.9998"-105.261
Gurkhas On the Hill"Indian"4.3"1310 College Ave #230, Boulder, CO 80302, USA"40.0071"-105.276
Tadka Indian Cuisine"Indian"4.8"5290 Arapahoe Ave B, Boulder, CO 80303, USA"40.0142"-105.229
Roxie's Tacos"Indian"4.7"1135 Broadway, Boulder, CO 80302, USA"40.0081"-105.276
Tandoori Grill"Indian"4.5"619 S Broadway, Boulder, CO 80305, USA"39.9845"-105.25
Kathmandu Restaurant II"Indian"4.3"1964 28th St, Boulder, CO 80301, USA"40.0212"-105.258
Sherpa Restaurant"Indian"4.5"825 Walnut St, Boulder, CO 80302, USA"40.0161"-105.284
Mount Everest Cuisine"Indian"4.6"4800 Baseline Rd A-107, Boulder, CO 80303, USA"39.998"-105.233
Taj Mahal 3 Restaurant & Bar"Indian"4.6"1075 E South Boulder Rd #145, Louisville, CO 80027, USA"39.988"-105.13
Bawarchi Biryani's"Indian"4.2"390 McCaslin Blvd, Louisville, CO 80027, USA"39.9645"-105.162
Tibet's Restaurant & Bar"Indian"4.5"321 McCaslin Blvd A, Louisville, CO 80027, USA"39.9665"-105.164
Azitra Restaurant"Indian"4.4"535 Zang St Suite C, Broomfield, CO 80021, USA"39.9276"-105.134
Zaika Indian Cuisine"Indian"4.3"300 Nickel St #19, Broomfield, CO 80020, USA"39.9205"-105.087
Gurkhas Restaurant: Restaurants in Longmont"Indian"4.6"2347 Clover Basin Dr, Longmont, CO 80503, USA"40.1429"-105.131
Yak & Yeti Bar and Restaurant"Indian"4.3"8659 Sheridan Boulevard, Westminster, CO 80003, USA"39.8543"-105.055
Kathmandu Restaurant"Indian"4.4"110 N Jefferson St, Nederland, CO 80466, USA"39.9621"-105.511
Little Tibet Restaurant and Bar"Indian"4.9"4479 Broadway, Boulder, CO 80304, USA"40.0557"-105.283
Frasca Food and Wine"Italian"4.6"1738 Pearl St, Boulder, CO 80302, USA"40.0193"-105.272
Via Perla"Italian"4.4"901 Pearl St, Boulder, CO 80302, USA"40.0173"-105.284
Basta"Italian"4.5"3601 Arapahoe Ave, Boulder, CO 80303, USA"40.0153"-105.248
Sforno Trattoria Romana"Italian"3.9"1308 Pearl St, Boulder, CO 80302, USA"40.018"-105.278
Carelli's"Italian"4.4"645 30th St, Boulder, CO 80303, USA"39.9989"-105.253
Pizzeria Locale"Italian"4.5"1730 Pearl St, Boulder, CO 80302, USA"40.0193"-105.273
Gondolier Italian Eatery"Italian"4.2"4800 Baseline Rd A104, Boulder, CO 80303, USA"39.9981"-105.233
Pasta Jay's"Italian"4.2"1001 Pearl St, Boulder, CO 80302, USA"40.0175"-105.282
D.P. Dough - Boulder (COMING SOON)"Italian"3.8"1335 Broadway Unit A, Boulder, CO 80302, USA"40.0102"-105.277
Ado's Kitchen & Bar"Italian"4.6"1143 13th St, Boulder, CO 80302, USA"40.0082"-105.276
Bacco Trattoria & Mozzarella Bar"Italian"4.2"1200 Yarmouth Ave, Boulder, CO 80304, USA"40.0581"-105.282
Carrabba's Italian Grill"Italian"4.2"575 McCaslin Blvd, Louisville, CO 80027, USA"39.9626"-105.165
Scalzotto Italian Restaurant Homemade Pasta"Italian"4.6"88 Lamar St #110, Broomfield, CO 80020, USA"39.9157"-105.066
Parma Trattoria & Mozzarella Bar"Italian"4.5"1132 W Dillon Rd, Louisville, CO 80027, USA"39.9616"-105.167
Street Legal Pizza Boulder"Italian"4"3060 Pearl Pkwy #112, Boulder, CO 80301, USA"40.0234"-105.252
II Pastaio Ristorante"Italian"4.6"3075 Arapahoe Ave, Boulder, CO 80303, USA"40.0151"-105.252
Via Toscana"Italian"4.5"9432, 356 McCaslin Blvd, Louisville, CO 80027, United States"39.9654"-105.162
The Twisted Noodle"Italian"4.6"15 Ken Pratt Blvd #220, Longmont, CO 80501, USA"40.1519"-105.094
Vero Boulder"Italian"4.4"2525 Arapahoe Ave H5B, Boulder, CO 80302, United States"40.015"-105.26
Rio Grande Mexican Restaurant"Mexican"4.1"1101 Walnut St, Boulder, CO 80302, USA"40.0168"-105.281
T/aco"Mexican"4.4"1175 Walnut St, Boulder, CO 80302, USA"40.0169"-105.28
Rincon Del Sol"Mexican"4.2"6606, 2350 Arapahoe Ave, Boulder, CO 80302, United States"40.0144"-105.264
Centro Mexican Kitchen"Mexican"4.1"950 Pearl St, Boulder, CO 80302, USA"40.0172"-105.283
Cafe Mexicali"Mexican"4.4"2850 Baseline Rd, Boulder, CO 80303, USA"39.9998"-105.256
QDOBA Mexican Eats"Mexican"4"1625 28th St Ste 401, Boulder, CO 80301, USA"40.0154"-105.259
Santo"Mexican"4.6"1265 Alpine Ave, Boulder, CO 80304, USA"40.026"-105.281
Wahoo's Fish Taco"Mexican"4.4"2790 Pearl St, Boulder, CO 80302, USA"40.0218"-105.259
Chipotle Mexican Grill"Mexican"4.3"919 Pearl St, Boulder, CO 80302, USA"40.0174"-105.283
Pica's Boulder Mexican Taqueria"Mexican"4.4"5360 Arapahoe Ave f, Boulder, CO 80303, USA"40.0138"-105.228
Verde Boulder"Mexican"4.4"3070 28th St, Boulder, CO 80301, USA"40.0307"-105.258
Illegal Pete's Pearl St. Mall"Mexican"4.5"1447 Pearl St, Boulder, CO 80302, USA"40.0188"-105.276
McDevitt Taco Supply"Mexican"4.8"4800 Baseline Rd Ste C 110, Boulder, CO 80303, USA"39.9977"-105.234
Chipotle Mexican Grill"Mexican"4.1"1650 28th St UNIT 1224, Boulder, CO 80301, USA"40.0164"-105.258
La Choza"Mexican"4.3"4457 Broadway, Boulder, CO 80301, USA"40.0556"-105.283
La Choza"Mexican"4.6"Unnamed Road, Boulder, CO 80301, United States"40.0256"-105.244
Efrain's II Mexican Restaurant"Mexican"4.5"1630 63rd St # 10, Boulder, CO 80301, USA"40.0154"-105.206
Illegal Pete's on The Hill"Mexican"4.5"1124 13th St, Boulder, CO 80302, USA"40.0078"-105.276
Red Agave Tequileria Cocina Calaca Bar"Mexican"3.9"2845 28th St, Boulder, CO 80301, USA"40.0279"-105.259
Tahona Tequila Bistro"Mexican"4.3"1035 Pearl St, Boulder, CO 80302, USA"40.0176"-105.282
Backcountry Pizza & Tap House"Pizza"4.3"2319 Arapahoe Ave, Boulder, CO 80302, USA"40.0149"-105.264
Pizza Colore"Pizza"4.2"1336 Pearl St, Boulder, CO 80302, USA"40.0181"-105.278
Brooklyn Pizza"Pizza"4.3"1647 Arapahoe Ave, Boulder, CO 80302, USA"40.0147"-105.273
Cosmo's Pizza"Pizza"4.4"1325 Broadway #108, Boulder, CO 80302, USA"40.0099"-105.277
Nick-N-Willy's Pizza"Pizza"4.2"801 Pearl St, Boulder, CO 80302, USA"40.017"-105.285
Cosmoâ€™s Pizza"Pizza"4.6"3117 28th St, Boulder, CO 80301, USA"40.0313"-105.259
Cosmo's Pizza"Pizza"4.3"659 30th St, Boulder, CO 80303, USA"39.9988"-105.254
PizzaRev"Pizza"3.9"1650 28th St, Boulder, CO 80302, USA"40.0165"-105.258
Boss Lady Pizza"Pizza"4.4"1129 13th St, Boulder, CO 80302, USA"40.0079"-105.276
California Pizza Kitchen"Pizza"3.9"1711 29th St., Unit 1180, 29th St, Boulder, CO 80301, United States"40.0175"-105.257
Proto's Pizza-North Boulder - Broadway"Pizza"4.3"4670 North Broadway, Boulder, CO 80304, USA"40.0594"-105.282
Abo's Pizza"Pizza"4"637 S Broadway, Boulder, CO 80305, USA"39.9832"-105.25
Domino's Pizza"Pizza"3.8"2425 Canyon Blvd Ste B, Boulder, CO 80302, USA"40.018"-105.261
Abo's Pizza"Pizza"4"Willow Springs Shopping Center, 2761 Iris Ave, Boulder, CO 80304, United States"40.0375"-105.259
Papa John's Pizza"Pizza"2.7"3054 28th St, Boulder, CO 80301, USA"40.0302"-105.258
1000 Degrees Pizza Salad Wings - Boulder, CO"Pizza"3.5"1310 College Ave Ste. 270, Boulder, CO 80302, USA"40.0071"-105.276
Half Fast Subs On The Hill"Sandwiches"4.5"1215 13th St, Boulder, CO 80302, USA"40.009"-105.276
Jimmy John's"Sandwiches"3.1"1125 13th St, Boulder, CO 80302, USA"40.0078"-105.277
Silver Mine Subs"Sandwiches"3.5"1100 28th St, Boulder, CO 80303, USA"40.0075"-105.258
Firehouse Subs"Sandwiches"4.2"1695 29th St, Boulder, CO 80301, USA"40.0171"-105.257
Jersey Mike's Subs"Sandwiches"4"2660 Pearl St, Boulder, CO 80302, USA"40.0218"-105.26
Cheba Hut Toasted Subs"Sandwiches"4.4"1313 College Ave, Boulder, CO 80302, USA"40.0074"-105.276
Lindsay's Boulder Deli @ Haagen Dazs"Sandwiches"4.1"1148 Pearl St, Boulder, CO 80302, USA"40.0177"-105.28
Panera Bread"Sandwiches"3.9"1855 29th St, Boulder, CO 80301, USA"40.0194"-105.257
Subway"Sandwiches"3.7"2480 Baseline Rd, Boulder, CO 80305, USA"39.9985"-105.262
Jimmy John's"Sandwiches"2.9"3310 Arapahoe Ave, Boulder, CO 80303, USA"40.0143"-105.25
Organic Sandwich Company"Sandwiches"4.2"1500 Pearl Street, Suite F, Corner of Pearl and 16th, Boulder, CO 80302, United States"40.0187"-105.275
Jimmy John's"Sandwiches"3.6"994 W Dillon Rd Ste. 200, Louisville, CO 80027, USA"39.9607"-105.164
Potbelly Sandwich Shop"Sandwiches"3.9"1685 29th St, Boulder, CO 80301, USA"40.017"-105.257
Firehouse Subs Superior Plaza"Sandwiches"4.3"100 McCaslin Blvd, Superior, CO 80027, USA"39.9555"-105.165
Naked Lunch"Sandwiches"4.5"3301 Arapahoe Ave, Boulder, CO 80303, USA"40.0153"-105.249
Jersey Mike's Subs"Sandwiches"4.4"321 McCaslin Blvd C, Louisville, CO 80027, USA"39.9665"-105.164
Jimmy John's"Sandwiches"3.8"625 Flatiron Marketplace Dr, Broomfield, CO 80021, USA"39.9299"-105.127
Silver Mine Subs"Sandwiches"3.2"1280 Centaur Village Dr # 1, Lafayette, CO 80026, USA"39.9876"-105.107
Deli Zone on The Hill"Sandwiches"4.2"1322 College Ave, Boulder, CO 80302, USA"40.0072"-105.276
