Arcana"American"4.6"909 Walnut St, Boulder, CO 80302, USA"40.01629459999999"-105.2831676
Riffs Urban Fare"American"4.5"1115 Pearl St, Boulder, CO 80302, USA"40.0178466"-105.2808989
Next Door | Boulder"American"4.4"1039 Pearl St, Boulder, CO 80302, USA"40.0178154"-105.2817706
The West End Tavern"American"4.4"926 Pearl St, Boulder, CO 80302, USA"40.0170519"-105.2832704
Oak"American"4.6"1400 Pearl St, Boulder, CO 80302, USA"40.0182268"-105.2771144
The Kitchen"American"4.5"1039 Pearl St, Boulder, CO 80302, USA"40.0177714"-105.2817398
River and Woods"American"4.6"2328 Pearl St, Boulder, CO 80302, USA"40.020767"-105.264892
Bramble & Hare"American"4.7"1970 13th St, Boulder, CO 80302, USA"40.01797699999999"-105.27842
Flagstaff House"American"4.7"1138 Flagstaff Rd, Boulder, CO 80302, USA"40.0073444"-105.294569
Modern Market Eatery"American"4.3"1600 28th St #1212, Boulder, CO 80301, USA"40.0157542"-105.2580159
The Boulder Cork"American"4.5"3295 30th St, Boulder, CO 80301, USA"40.034554"-105.254012
The Sink"American"4.4"1165 13th St, Boulder, CO 80302, USA"40.0085813"-105.2764048
Spruce Farm & Fish"American"4.1"2115 13th St, Boulder, CO 80302, USA"40.0195383"-105.2794907
The Roadhouse Boulder Depot"American"4.2"2366 Junction Pl, Boulder, CO 80301, USA"40.0249151"-105.2510967
SALT"American"4.3"1047 Pearl St, Boulder, CO 80302, USA"40.01768209999999"-105.2815361
Canyons Restaurant & Bar"American"2.8"2660 Canyon Blvd, Boulder, CO 80302, USA"40.0164206"-105.2598413
Mustard's Last Stand"American"4.4"1719 Broadway, Boulder, CO 80302, USA"40.014447"-105.279019
Rueben's Burger Bistro"American"4.1"1800 Broadway, Boulder, CO 80302, USA"40.0167831"-105.279317
Fat Shack"American"3.8"1110 13th St, Boulder, CO 80302, USA"40.0075771"-105.2759446
Five Guys"American"4.4"1855 29th St, Boulder, CO 80301, USA"40.019033"-105.256592
Flower Pepper Restaurant - Authentic Chinese Home Cooking"Chinese"4.2"2655 Broadway, Boulder, CO 80304, USA"40.0249797"-105.2823382
Panda Express"Chinese"3.6"2100 28th St, Boulder, CO 80301, USA"40.0238623"-105.2580349
Zoe Ma Ma"Chinese"4.3"2010 10th St, Boulder, CO 80302, USA"40.017612"-105.2825531
Haoway Chinese Cafe"Chinese"4"1678 30th St, Boulder, CO 80301, USA"40.0162517"-105.2526464
Jin Chan Zhang Restaurant"Chinese"3.9"2835 28th St, Boulder, CO 80301, USA"40.027982"-105.259013
Tsing Tao"Chinese"4"607 S Broadway suite a, Boulder, CO 80305, USA"39.9839662"-105.2505919
Pei Wei"Chinese"3.6"1675 29th St Suite 1284, Boulder, CO 80301, USA"40.016312"-105.256548
You & Mee Noodle House"Chinese"4"1311 Broadway, Boulder, CO 80302, USA"40.0097625"-105.276668
May Wah"Chinese"4.3"2500 Baseline Rd, Boulder, CO 80305, USA"39.9987392"-105.2615332
Golden Sun Chinese Restaurant"Chinese"3.3"1635 28th St, Boulder, CO 80301, USA"40.0154353"-105.2593274
Oriental Cafe"Chinese"2.8"6201, 1305 Broadway, Boulder, CO 80302, United States"40.0097361"-105.2768285
China Gourmet"Chinese"4.3"3970 North Broadway #102, Boulder, CO 80304, USA"40.0474422"-105.2804923
Five Spice"Chinese"3.4"3325 28th St #5, Boulder, CO 80301, USA"40.0357086"-105.2601385
Tibet Kitchen"Chinese"4.5"2359 Arapahoe Ave, Boulder, CO 80303, USA"40.0148719"-105.2634266
Chef King Carry-Out"Chinese"4"1355 E South Boulder Rd, Louisville, CO 80027, USA"39.9882149"-105.1252331
Panda Express"Chinese"3.3"301 Center Dr, Superior, CO 80027, USA"39.9578923"-105.1694533
Spice China"Chinese"4"269 McCaslin Blvd, Louisville, CO 80027, USA"39.9677767"-105.1642134
Heaven Dragon Chinese Restaurant"Chinese"4.4"16255 W 64th Ave #14, Arvada, CO 80007, USA"39.81367059999999"-105.1819696
Kim's Food To Go"Chinese"3.9"1325 Broadway, Boulder, CO 80302, USA"40.010091"-105.27691
Ting's Place"Chinese"4.2"1265 S Public Rd, Lafayette, CO 80026, USA"39.98812030000001"-105.0908868
Jaipur Indian Restaurant"Indian"4.2"1214 Walnut St, Boulder, CO 80302, USA"40.016828"-105.2790882
Tiffins India Cafe"Indian"4.1"2416 Arapahoe Ave, Boulder, CO 80302, USA"40.01402179999999"-105.2626157
Curry N Kebob"Indian"4.5"3050 28th St, Boulder, CO 80301, USA"40.030057"-105.2579458
The Taj - Indian Cuisine"Indian"4.4"2630 Baseline Rd, Boulder, CO 80305, USA"39.999831"-105.260989
Gurkhas On the Hill"Indian"4.3"1310 College Ave #230, Boulder, CO 80302, USA"40.0071181"-105.2759597
Tadka Indian Cuisine"Indian"4.8"5290 Arapahoe Ave B, Boulder, CO 80303, USA"40.0141821"-105.2294008
Roxie's Tacos"Indian"4.7"1135 Broadway, Boulder, CO 80302, USA"40.008132"-105.2756399
Tandoori Grill"Indian"4.5"619 S Broadway, Boulder, CO 80305, USA"39.9844544"-105.2498792
Kathmandu Restaurant II"Indian"4.3"1964 28th St, Boulder, CO 80301, USA"40.0212139"-105.2576474
Sherpa Restaurant"Indian"4.5"825 Walnut St, Boulder, CO 80302, USA"40.01614199999999"-105.284433
Mount Everest Cuisine"Indian"4.6"4800 Baseline Rd A-107, Boulder, CO 80303, USA"39.9980104"-105.232927
Taj Mahal 3 Restaurant & Bar"Indian"4.6"1075 E South Boulder Rd #145, Louisville, CO 80027, USA"39.988005"-105.129662
Bawarchi Biryani's"Indian"4.2"390 McCaslin Blvd, Louisville, CO 80027, USA"39.9645136"-105.1622864
Tibet's Restaurant & Bar"Indian"4.5"321 McCaslin Blvd A, Louisville, CO 80027, USA"39.9664953"-105.1642405
Azitra Restaurant"Indian"4.4"535 Zang St Suite C, Broomfield, CO 80021, USA"39.9276212"-105.1338902
Zaika Indian Cuisine"Indian"4.3"300 Nickel St #19, Broomfield, CO 80020, USA"39.9205463"-105.0869933
Gurkhas Restaurant: Restaurants in Longmont"Indian"4.6"2347 Clover Basin Dr, Longmont, CO 80503, USA"40.14293199999999"-105.1313621
Yak & Yeti Bar and Restaurant"Indian"4.3"8659 Sheridan Boulevard, Westminster, CO 80003, USA"39.8543421"-105.0552533
Kathmandu Restaurant"Indian"4.4"110 N Jefferson St, Nederland, CO 80466, USA"39.962062"-105.511466
Little Tibet Restaurant and Bar"Indian"4.9"4479 Broadway, Boulder, CO 80304, USA"40.055741"-105.2827249
Frasca Food and Wine"Italian"4.6"1738 Pearl St, Boulder, CO 80302, USA"40.0193093"-105.272473
Via Perla"Italian"4.4"901 Pearl St, Boulder, CO 80302, USA"40.0173228"-105.2835491
Basta"Italian"4.5"3601 Arapahoe Ave, Boulder, CO 80303, USA"40.0153301"-105.2484228
Sforno Trattoria Romana"Italian"3.9"1308 Pearl St, Boulder, CO 80302, USA"40.0179919"-105.2782525
Carelli's"Italian"4.4"645 30th St, Boulder, CO 80303, USA"39.998903"-105.2533659
Pizzeria Locale"Italian"4.5"1730 Pearl St, Boulder, CO 80302, USA"40.0192762"-105.2726469
Gondolier Italian Eatery"Italian"4.2"4800 Baseline Rd A104, Boulder, CO 80303, USA"39.9981274"-105.2327179
Pasta Jay's"Italian"4.2"1001 Pearl St, Boulder, CO 80302, USA"40.017503"-105.282453
D.P. Dough - Boulder (COMING SOON)"Italian"3.8"1335 Broadway Unit A, Boulder, CO 80302, USA"40.0101652"-105.2770377
Ado's Kitchen & Bar"Italian"4.6"1143 13th St, Boulder, CO 80302, USA"40.0081836"-105.2764328
Bacco Trattoria & Mozzarella Bar"Italian"4.2"1200 Yarmouth Ave, Boulder, CO 80304, USA"40.0581245"-105.2817569
Mustard's Last Stand"Italian"4.4"1719 Broadway, Boulder, CO 80302, USA"40.014447"-105.279019
Carrabba's Italian Grill"Italian"4.2"575 McCaslin Blvd, Louisville, CO 80027, USA"39.9625642"-105.1648677
Scalzotto Italian Restaurant Homemade Pasta"Italian"4.6"88 Lamar St #110, Broomfield, CO 80020, USA"39.9156613"-105.066499
Parma Trattoria & Mozzarella Bar"Italian"4.5"1132 W Dillon Rd, Louisville, CO 80027, USA"39.9615821"-105.1672133
Street Legal Pizza Boulder"Italian"4"3060 Pearl Pkwy #112, Boulder, CO 80301, USA"40.023419"-105.252241
II Pastaio Ristorante"Italian"4.6"3075 Arapahoe Ave, Boulder, CO 80303, USA"40.015058"-105.252057
Via Toscana"Italian"4.5"9432, 356 McCaslin Blvd, Louisville, CO 80027, United States"39.9654126"-105.1615304
The Twisted Noodle"Italian"4.6"15 Ken Pratt Blvd #220, Longmont, CO 80501, USA"40.1518751"-105.0937232
Vero Boulder"Italian"4.4"2525 Arapahoe Ave H5B, Boulder, CO 80302, United States"40.0150195"-105.2598628
Rio Grande Mexican Restaurant"Mexican"4.1"1101 Walnut St, Boulder, CO 80302, USA"40.0167774"-105.2808562
T/aco"Mexican"4.4"1175 Walnut St, Boulder, CO 80302, USA"40.0169314"-105.2800593
Rincon Del Sol"Mexican"4.2"6606, 2350 Arapahoe Ave, Boulder, CO 80302, United States"40.014362"-105.263572
Centro Mexican Kitchen"Mexican"4.1"950 Pearl St, Boulder, CO 80302, USA"40.0172275"-105.282529
Cafe Mexicali"Mexican"4.4"2850 Baseline Rd, Boulder, CO 80303, USA"39.999816"-105.256307
QDOBA Mexican Eats"Mexican"4"1625 28th St Ste 401, Boulder, CO 80301, USA"40.0153603"-105.2590518
Santo"Mexican"4.6"1265 Alpine Ave, Boulder, CO 80304, USA"40.0259755"-105.2812259
Wahoo's Fish Taco"Mexican"4.4"2790 Pearl St, Boulder, CO 80302, USA"40.0217914"-105.2588107
Chipotle Mexican Grill"Mexican"4.3"919 Pearl St, Boulder, CO 80302, USA"40.017375"-105.2833911
Pica's Boulder Mexican Taqueria"Mexican"4.4"5360 Arapahoe Ave f, Boulder, CO 80303, USA"40.0138297"-105.2275141
Verde Boulder"Mexican"4.4"3070 28th St, Boulder, CO 80301, USA"40.0307386"-105.2576123
Illegal Pete's Pearl St. Mall"Mexican"4.5"1447 Pearl St, Boulder, CO 80302, USA"40.0188178"-105.2763143
McDevitt Taco Supply"Mexican"4.8"4800 Baseline Rd Ste C 110, Boulder, CO 80303, USA"39.9977078"-105.2336996
Chipotle Mexican Grill"Mexican"4.1"1650 28th St UNIT 1224, Boulder, CO 80301, USA"40.0163504"-105.2579203
La Choza"Mexican"4.3"4457 Broadway, Boulder, CO 80301, USA"40.055586"-105.282726
La Choza"Mexican"4.6"Unnamed Road, Boulder, CO 80301, United States"40.0256247"-105.2440449
Efrain's II Mexican Restaurant"Mexican"4.5"1630 63rd St # 10, Boulder, CO 80301, USA"40.01538439999999"-105.2061839
Illegal Pete's on The Hill"Mexican"4.5"1124 13th St, Boulder, CO 80302, USA"40.0078039"-105.276037
Red Agave Tequileria Cocina Calaca Bar"Mexican"3.9"2845 28th St, Boulder, CO 80301, USA"40.0279047"-105.2592116
Tahona Tequila Bistro"Mexican"4.3"1035 Pearl St, Boulder, CO 80302, USA"40.0176434"-105.2820034
Pizzeria Locale"Pizza"4.5"1730 Pearl St, Boulder, CO 80302, USA"40.0192762"-105.2726469
Backcountry Pizza & Tap House"Pizza"4.3"2319 Arapahoe Ave, Boulder, CO 80302, USA"40.0149297"-105.2641215
Pizza Colore"Pizza"4.2"1336 Pearl St, Boulder, CO 80302, USA"40.01814299999999"-105.277744
Brooklyn Pizza"Pizza"4.3"1647 Arapahoe Ave, Boulder, CO 80302, USA"40.0147334"-105.2727712
Cosmo's Pizza"Pizza"4.4"1325 Broadway #108, Boulder, CO 80302, USA"40.0099052"-105.276734
Street Legal Pizza Boulder"Pizza"4"3060 Pearl Pkwy #112, Boulder, CO 80301, USA"40.023419"-105.252241
Nick-N-Willy's Pizza"Pizza"4.2"801 Pearl St, Boulder, CO 80302, USA"40.0170097"-105.284926
Cosmoâ€™s Pizza"Pizza"4.6"3117 28th St, Boulder, CO 80301, USA"40.0312681"-105.2585484
Cosmo's Pizza"Pizza"4.3"659 30th St, Boulder, CO 80303, USA"39.9988375"-105.2537344
PizzaRev"Pizza"3.9"1650 28th St, Boulder, CO 80302, USA"40.016517"-105.257843
Boss Lady Pizza"Pizza"4.4"1129 13th St, Boulder, CO 80302, USA"40.0078967"-105.2764491
Vero Boulder"Pizza"4.4"2525 Arapahoe Ave H5B, Boulder, CO 80302, United States"40.0150195"-105.2598628
California Pizza Kitchen"Pizza"3.9"1711 29th St., Unit 1180, 29th St, Boulder, CO 80301, United States"40.017532"-105.257155
Proto's Pizza-North Boulder - Broadway"Pizza"4.3"4670 North Broadway, Boulder, CO 80304, USA"40.059449"-105.28189
Abo's Pizza"Pizza"4"637 S Broadway, Boulder, CO 80305, USA"39.98320440000001"-105.2499644
Domino's Pizza"Pizza"3.8"2425 Canyon Blvd Ste B, Boulder, CO 80302, USA"40.018012"-105.2614877
Abo's Pizza"Pizza"4"Willow Springs Shopping Center, 2761 Iris Ave, Boulder, CO 80304, United States"40.0375466"-105.2593606
Papa John's Pizza"Pizza"2.7"3054 28th St, Boulder, CO 80301, USA"40.0301605"-105.2578675
1000 Degrees Pizza Salad Wings - Boulder, CO"Pizza"3.5"1310 College Ave Ste. 270, Boulder, CO 80302, USA"40.007136"-105.2759419
The Sink"Pizza"4.4"1165 13th St, Boulder, CO 80302, USA"40.0085813"-105.2764048
Half Fast Subs On The Hill"Sandwiches"4.5"1215 13th St, Boulder, CO 80302, USA"40.00903599999999"-105.276414
Jimmy John's"Sandwiches"3.1"1125 13th St, Boulder, CO 80302, USA"40.00778870000001"-105.2765075
Silver Mine Subs"Sandwiches"3.5"1100 28th St, Boulder, CO 80303, USA"40.00746180000001"-105.2581244
Firehouse Subs"Sandwiches"4.2"1695 29th St, Boulder, CO 80301, USA"40.017069"-105.257071
Jersey Mike's Subs"Sandwiches"4"2660 Pearl St, Boulder, CO 80302, USA"40.021843"-105.259797
Cheba Hut Toasted Subs"Sandwiches"4.4"1313 College Ave, Boulder, CO 80302, USA"40.0074249"-105.2757893
Lindsay's Boulder Deli @ Haagen Dazs"Sandwiches"4.1"1148 Pearl St, Boulder, CO 80302, USA"40.0177386"-105.2801068
Panera Bread"Sandwiches"3.9"1855 29th St, Boulder, CO 80301, USA"40.019443"-105.256553
Subway"Sandwiches"3.7"2480 Baseline Rd, Boulder, CO 80305, USA"39.9985426"-105.2619911
Jimmy John's"Sandwiches"2.9"3310 Arapahoe Ave, Boulder, CO 80303, USA"40.014288"-105.249727
Organic Sandwich Company"Sandwiches"4.2"1500 Pearl Street, Suite F, Corner of Pearl and 16th, Boulder, CO 80302, United States"40.018717"-105.274824
Modern Market Eatery"Sandwiches"4.3"1600 28th St #1212, Boulder, CO 80301, USA"40.0157542"-105.2580159
Jimmy John's"Sandwiches"3.6"994 W Dillon Rd Ste. 200, Louisville, CO 80027, USA"39.9607009"-105.1641366
Potbelly Sandwich Shop"Sandwiches"3.9"1685 29th St, Boulder, CO 80301, USA"40.01695400000001"-105.256611
Firehouse Subs Superior Plaza"Sandwiches"4.3"100 McCaslin Blvd, Superior, CO 80027, USA"39.9555444"-105.1650746
Naked Lunch"Sandwiches"4.5"3301 Arapahoe Ave, Boulder, CO 80303, USA"40.0153139"-105.248766
Jersey Mike's Subs"Sandwiches"4.4"321 McCaslin Blvd C, Louisville, CO 80027, USA"39.9664842"-105.1639338
Jimmy John's"Sandwiches"3.8"625 Flatiron Marketplace Dr, Broomfield, CO 80021, USA"39.9298795"-105.1269462
Silver Mine Subs"Sandwiches"3.2"1280 Centaur Village Dr # 1, Lafayette, CO 80026, USA"39.9875867"-105.1074805
Deli Zone on The Hill"Sandwiches"4.2"1322 College Ave, Boulder, CO 80302, USA"40.0071679"-105.2756858
